{"cameraMode":{"drawMode":0,"name":"Shaded","section":"Shading Mode"},"sceneLighting":true,"audioPlay":false,"sceneViewState":{"showFog":false,"showMaterialUpdate":false,"showSkybox":false,"showFlares":false,"showImageEffects":false,"showParticleSystems":false},"in2DMode":false,"pivot":{"x":-18.0963134765625,"y":9.774261474609375,"z":10.343795776367188},"rotation":{"x":0.2997162342071533,"y":-0.25622984766960146,"z":0.08391808718442917,"w":0.9151377081871033},"size":148.3833770751953,"orthographic":false}