{"cameraMode":{"drawMode":0,"name":"Shaded","section":"Shading Mode"},"sceneLighting":false,"audioPlay":false,"sceneViewState":{"showFog":false,"showMaterialUpdate":false,"showSkybox":false,"showFlares":false,"showImageEffects":false,"showParticleSystems":false},"in2DMode":false,"pivot":{"x":-0.06515884399414063,"y":0.44449615478515627,"z":0.15693283081054688},"rotation":{"x":0.20435471832752229,"y":-0.4595191180706024,"z":0.10957924276590347,"w":0.8574023246765137},"size":88.17962646484375,"orthographic":false}