{"cameraMode":{"drawMode":0,"name":"Shaded","section":"Shading Mode"},"sceneLighting":false,"audioPlay":false,"sceneViewState":{"showFog":false,"showMaterialUpdate":false,"showSkybox":false,"showFlares":false,"showImageEffects":false,"showParticleSystems":false},"in2DMode":false,"pivot":{"x":0.9113922119140625,"y":5.859648704528809,"z":-0.759765625},"rotation":{"x":0.20435471832752229,"y":-0.4595191180706024,"z":0.10957924276590347,"w":0.8574023246765137},"size":69.88131713867188,"orthographic":false}