{"cameraMode":{"drawMode":0,"name":"Shaded","section":"Shading Mode"},"sceneLighting":false,"audioPlay":false,"sceneViewState":{"showFog":false,"showMaterialUpdate":false,"showSkybox":false,"showFlares":false,"showImageEffects":false,"showParticleSystems":false},"in2DMode":false,"pivot":{"x":0.1235198974609375,"y":-369.58990478515627,"z":0.11667633056640625},"rotation":{"x":0.20435471832752229,"y":-0.4595191180706024,"z":0.10957924276590347,"w":0.8574023246765137},"size":379.364013671875,"orthographic":false}