{"cameraMode":{"drawMode":0,"name":"Shaded","section":"Shading Mode"},"sceneLighting":false,"audioPlay":false,"sceneViewState":{"showFog":false,"showMaterialUpdate":false,"showSkybox":false,"showFlares":false,"showImageEffects":false,"showParticleSystems":false},"in2DMode":false,"pivot":{"x":13.445411682128907,"y":-11.656608581542969,"z":57.847572326660159},"rotation":{"x":0.20435471832752229,"y":-0.4595191180706024,"z":0.10957924276590347,"w":0.8574023246765137},"size":125.10643768310547,"orthographic":false}