{"cameraMode":{"drawMode":0,"name":"Shaded","section":"Shading Mode"},"sceneLighting":false,"audioPlay":false,"sceneViewState":{"showFog":false,"showMaterialUpdate":false,"showSkybox":false,"showFlares":false,"showImageEffects":false,"showParticleSystems":false},"in2DMode":false,"pivot":{"x":0.0,"y":-375.0000305175781,"z":-0.000041961669921875},"rotation":{"x":0.20435471832752229,"y":-0.4595191180706024,"z":0.10957924276590347,"w":0.8574023246765137},"size":389.38629150390627,"orthographic":false}